"","ID","Description","GeneRatio","BgRatio","RichFactor","FoldEnrichment","zScore","pvalue","p.adjust","qvalue","geneID","Count"
"GO:0032886","GO:0032886","regulation of microtubule-based process","2/36","20/8255",0.1,22.9305555555556,6.49840571382581,0.00334418072861058,0.399439173559643,0.393719103564461,"LOC116929579/LOC116922347",2
"GO:0016072","GO:0016072","rRNA metabolic process","4/36","146/8255",0.0273972602739726,6.28234398782344,4.26180377057511,0.00356334119800592,0.399439173559643,0.393719103564461,"LOC116936510/LOC116918247/LOC116922268/LOC116920786",4
"GO:0000462","GO:0000462","maturation of SSU-rRNA from tricistronic rRNA transcript (SSU-rRNA, 5.8S rRNA, LSU-rRNA)","2/36","26/8255",0.0769230769230769,17.6388888888889,5.62356160192979,0.00562717906004354,0.399439173559643,0.393719103564461,"LOC116936510/LOC116922268",2
"GO:0097435","GO:0097435","supramolecular fiber organization","3/36","109/8255",0.0275229357798165,6.3111620795107,3.6940655144805,0.0116537964852317,0.399439173559643,0.393719103564461,"LOC116920030/LOC116925877/LOC116929579",3
"GO:0030490","GO:0030490","maturation of SSU-rRNA","2/36","38/8255",0.0526315789473684,12.0687134502924,4.52591394108744,0.0117798280403296,0.399439173559643,0.393719103564461,"LOC116936510/LOC116922268",2
"GO:0016192","GO:0016192","vesicle-mediated transport","5/36","356/8255",0.0140449438202247,3.2205836454432,2.83452356203678,0.0181935612378691,0.399439173559643,0.393719103564461,"LOC116925479/LOC116930116/LOC116919850/LOC116919134/LOC116920335",5
"GO:0006364","GO:0006364","rRNA processing","3/36","137/8255",0.0218978102189781,5.0212895377129,3.14105178510652,0.0214195243702051,0.399439173559643,0.393719103564461,"LOC116936510/LOC116918247/LOC116922268",3
"GO:0042274","GO:0042274","ribosomal small subunit biogenesis","2/36","53/8255",0.0377358490566038,8.65303983228512,3.6990143701532,0.0221675324023776,0.399439173559643,0.393719103564461,"LOC116936510/LOC116922268",2
"GO:0000209","GO:0000209","protein polyubiquitination","2/36","60/8255",0.0333333333333333,7.64351851851852,3.41800968200564,0.0279382316736065,0.399439173559643,0.393719103564461,"LOC116919073/LOC116920587",2
"GO:0032446","GO:0032446","protein modification by small protein conjugation","3/36","160/8255",0.01875,4.29947916666667,2.78914406940206,0.0319821187487586,0.399439173559643,0.393719103564461,"LOC116919073/LOC116918842/LOC116920587",3
"GO:0051084","GO:0051084","'de novo' post-translational protein folding","1/36","10/8255",0.1,22.9305555555556,4.5922793239326,0.0427868618036822,0.399439173559643,0.393719103564461,"LOC116930116",1
"GO:0051085","GO:0051085","chaperone cofactor-dependent protein refolding","1/36","10/8255",0.1,22.9305555555556,4.5922793239326,0.0427868618036822,0.399439173559643,0.393719103564461,"LOC116930116",1
"GO:0000479","GO:0000479","endonucleolytic cleavage of tricistronic rRNA transcript (SSU-rRNA, 5.8S rRNA, LSU-rRNA)","1/36","11/8255",0.0909090909090909,20.8459595959596,4.35886527872836,0.0469663248691844,0.399439173559643,0.393719103564461,"LOC116936510",1
"GO:0006458","GO:0006458","'de novo' protein folding","1/36","11/8255",0.0909090909090909,20.8459595959596,4.35886527872836,0.0469663248691844,0.399439173559643,0.393719103564461,"LOC116930116",1
"GO:0009895","GO:0009895","negative regulation of catabolic process","1/36","11/8255",0.0909090909090909,20.8459595959596,4.35886527872836,0.0469663248691844,0.399439173559643,0.393719103564461,"LOC116935383",1
"GO:0016925","GO:0016925","protein sumoylation","1/36","11/8255",0.0909090909090909,20.8459595959596,4.35886527872836,0.0469663248691844,0.399439173559643,0.393719103564461,"LOC116918842",1
"GO:0032386","GO:0032386","regulation of intracellular transport","1/36","11/8255",0.0909090909090909,20.8459595959596,4.35886527872836,0.0469663248691844,0.399439173559643,0.393719103564461,"LOC116922347",1
"GO:0007015","GO:0007015","actin filament organization","2/36","81/8255",0.0246913580246914,5.66186556927298,2.79035160547914,0.0483213741441107,0.399439173559643,0.393719103564461,"LOC116920030/LOC116925877",2
"GO:0070507","GO:0070507","regulation of microtubule cytoskeleton organization","1/36","12/8255",0.0833333333333333,19.1087962962963,4.15443098753779,0.0511280439745596,0.399439173559643,0.393719103564461,"LOC116929579",1
"GO:0016197","GO:0016197","endosomal transport","2/36","84/8255",0.0238095238095238,5.45965608465608,2.71880086062031,0.0515720963559243,0.399439173559643,0.393719103564461,"LOC116925479/LOC116919850",2
"GO:0042254","GO:0042254","ribosome biogenesis","3/36","198/8255",0.0151515151515152,3.4743265993266,2.33225981606332,0.0544026387119475,0.399439173559643,0.393719103564461,"LOC116936510/LOC116918247/LOC116922268",3
"GO:0007088","GO:0007088","regulation of mitotic nuclear division","1/36","14/8255",0.0714285714285714,16.3789682539683,3.81131859406867,0.0593985427667789,0.399439173559643,0.393719103564461,"LOC116920191",1
"GO:0015695","GO:0015695","organic cation transport","1/36","14/8255",0.0714285714285714,16.3789682539683,3.81131859406867,0.0593985427667789,0.399439173559643,0.393719103564461,"LOC116919035",1
"GO:0018345","GO:0018345","protein palmitoylation","1/36","14/8255",0.0714285714285714,16.3789682539683,3.81131859406867,0.0593985427667789,0.399439173559643,0.393719103564461,"LOC116922836",1
"GO:0051983","GO:0051983","regulation of chromosome segregation","1/36","14/8255",0.0714285714285714,16.3789682539683,3.81131859406867,0.0593985427667789,0.399439173559643,0.393719103564461,"LOC116920191",1
"GO:1901879","GO:1901879","regulation of protein depolymerization","1/36","14/8255",0.0714285714285714,16.3789682539683,3.81131859406867,0.0593985427667789,0.399439173559643,0.393719103564461,"LOC116929579",1
"GO:0006401","GO:0006401","RNA catabolic process","2/36","93/8255",0.021505376344086,4.93130227001195,2.52321122847664,0.0617768380923987,0.399439173559643,0.393719103564461,"LOC116935383/LOC116920786",2
"GO:0009894","GO:0009894","regulation of catabolic process","2/36","93/8255",0.021505376344086,4.93130227001195,2.52321122847664,0.0617768380923987,0.399439173559643,0.393719103564461,"LOC116919166/LOC116935383",2
"GO:0000028","GO:0000028","ribosomal small subunit assembly","1/36","15/8255",0.0666666666666667,15.287037037037,3.66520429392885,0.0635074679530908,0.399439173559643,0.393719103564461,"LOC116922268",1
"GO:0043066","GO:0043066","negative regulation of apoptotic process","1/36","15/8255",0.0666666666666667,15.287037037037,3.66520429392885,0.0635074679530908,0.399439173559643,0.393719103564461,"LOC116922902",1
"GO:0051783","GO:0051783","regulation of nuclear division","1/36","15/8255",0.0666666666666667,15.287037037037,3.66520429392885,0.0635074679530908,0.399439173559643,0.393719103564461,"LOC116920191",1
"GO:0061077","GO:0061077","chaperone-mediated protein folding","1/36","15/8255",0.0666666666666667,15.287037037037,3.66520429392885,0.0635074679530908,0.399439173559643,0.393719103564461,"LOC116930116",1
"GO:0071577","GO:0071577","zinc ion transmembrane transport","1/36","15/8255",0.0666666666666667,15.287037037037,3.66520429392885,0.0635074679530908,0.399439173559643,0.393719103564461,"LOC116916995",1
"GO:0009306","GO:0009306","protein secretion","1/36","16/8255",0.0625,14.3315972222222,3.53247353224334,0.0675989401804802,0.399439173559643,0.393719103564461,"LOC116919134",1
"GO:0030203","GO:0030203","glycosaminoglycan metabolic process","1/36","16/8255",0.0625,14.3315972222222,3.53247353224334,0.0675989401804802,0.399439173559643,0.393719103564461,"LOC116915926",1
"GO:0043069","GO:0043069","negative regulation of programmed cell death","1/36","16/8255",0.0625,14.3315972222222,3.53247353224334,0.0675989401804802,0.399439173559643,0.393719103564461,"LOC116922902",1
"GO:0099518","GO:0099518","vesicle cytoskeletal trafficking","1/36","16/8255",0.0625,14.3315972222222,3.53247353224334,0.0675989401804802,0.399439173559643,0.393719103564461,"LOC116922347",1
"GO:0035592","GO:0035592","establishment of protein localization to extracellular region","1/36","17/8255",0.0588235294117647,13.4885620915033,3.41114355541355,0.071673031472324,0.399439173559643,0.393719103564461,"LOC116919134",1
"GO:0071692","GO:0071692","protein localization to extracellular region","1/36","17/8255",0.0588235294117647,13.4885620915033,3.41114355541355,0.071673031472324,0.399439173559643,0.393719103564461,"LOC116919134",1
"GO:0070647","GO:0070647","protein modification by small protein conjugation or removal","3/36","223/8255",0.0134529147982063,3.08482810164425,2.08874212907077,0.0723643833300889,0.399439173559643,0.393719103564461,"LOC116919073/LOC116918842/LOC116920587",3
"GO:0033043","GO:0033043","regulation of organelle organization","2/36","103/8255",0.0194174757281553,4.45253505933118,2.33345062968755,0.0738507516095441,0.399439173559643,0.393719103564461,"LOC116929579/LOC116920191",2
"GO:0006829","GO:0006829","zinc ion transport","1/36","18/8255",0.0555555555555556,12.7391975308642,3.29962148187853,0.0757298135634867,0.399439173559643,0.393719103564461,"LOC116916995",1
"GO:0043687","GO:0043687","post-translational protein modification","3/36","230/8255",0.0130434782608696,2.99094202898551,2.02662784135251,0.0778221053721119,0.399439173559643,0.393719103564461,"LOC116919073/LOC116918842/LOC116920587",3
"GO:0006457","GO:0006457","protein folding","2/36","110/8255",0.0181818181818182,4.16919191919192,2.21448799659768,0.0827200569645943,0.399439173559643,0.393719103564461,"LOC116930116/LOC116922902",2
"GO:0009408","GO:0009408","response to heat","1/36","20/8255",0.05,11.4652777777778,3.1010441452614,0.0837917356473776,0.399439173559643,0.393719103564461,"LOC116922902",1
"GO:0042026","GO:0042026","protein refolding","1/36","20/8255",0.05,11.4652777777778,3.1010441452614,0.0837917356473776,0.399439173559643,0.393719103564461,"LOC116930116",1
"GO:0051261","GO:0051261","protein depolymerization","1/36","20/8255",0.05,11.4652777777778,3.1010441452614,0.0837917356473776,0.399439173559643,0.393719103564461,"LOC116929579",1
"GO:0032509","GO:0032509","endosome transport via multivesicular body sorting pathway","1/36","21/8255",0.0476190476190476,10.9193121693122,3.01203328335938,0.0877970176773342,0.399439173559643,0.393719103564461,"LOC116925479",1
"GO:0071985","GO:0071985","multivesicular body sorting pathway","1/36","21/8255",0.0476190476190476,10.9193121693122,3.01203328335938,0.0877970176773342,0.399439173559643,0.393719103564461,"LOC116925479",1
"GO:0048193","GO:0048193","Golgi vesicle transport","2/36","114/8255",0.0175438596491228,4.0229044834308,2.1508591208187,0.0879304169856479,0.399439173559643,0.393719103564461,"LOC116919850/LOC116920335",2
"GO:0006099","GO:0006099","tricarboxylic acid cycle","1/36","22/8255",0.0454545454545455,10.4229797979798,2.92883250058507,0.0917852745832873,0.399439173559643,0.393719103564461,"LOC116918443",1
"GO:0006497","GO:0006497","protein lipidation","1/36","22/8255",0.0454545454545455,10.4229797979798,2.92883250058507,0.0917852745832873,0.399439173559643,0.393719103564461,"LOC116922836",1
"GO:0009266","GO:0009266","response to temperature stimulus","1/36","22/8255",0.0454545454545455,10.4229797979798,2.92883250058507,0.0917852745832873,0.399439173559643,0.393719103564461,"LOC116922902",1
"GO:0031109","GO:0031109","microtubule polymerization or depolymerization","1/36","22/8255",0.0454545454545455,10.4229797979798,2.92883250058507,0.0917852745832873,0.399439173559643,0.393719103564461,"LOC116929579",1
"GO:0042158","GO:0042158","lipoprotein biosynthetic process","1/36","22/8255",0.0454545454545455,10.4229797979798,2.92883250058507,0.0917852745832873,0.399439173559643,0.393719103564461,"LOC116922836",1
"GO:0045324","GO:0045324","late endosome to vacuole transport","1/36","22/8255",0.0454545454545455,10.4229797979798,2.92883250058507,0.0917852745832873,0.399439173559643,0.393719103564461,"LOC116925479",1
"GO:0022613","GO:0022613","ribonucleoprotein complex biogenesis","3/36","247/8255",0.0121457489878543,2.78508771929825,1.88503752076065,0.0918127871794626,0.399439173559643,0.393719103564461,"LOC116936510/LOC116918247/LOC116922268",3
"GO:0141188","GO:0141188","nucleic acid catabolic process","2/36","118/8255",0.0169491525423729,3.88653483992467,2.0900642739614,0.0932381029946234,0.399439173559643,0.393719103564461,"LOC116935383/LOC116920786",2
"GO:0043244","GO:0043244","regulation of protein-containing complex disassembly","1/36","23/8255",0.0434782608695652,9.96980676328502,2.85081028329932,0.0957565766742632,0.399439173559643,0.393719103564461,"LOC116929579",1
"GO:0000470","GO:0000470","maturation of LSU-rRNA","1/36","25/8255",0.04,9.17222222222222,2.70822190686262,0.103648596239229,0.399439173559643,0.393719103564461,"LOC116918247",1
"GO:0043543","GO:0043543","protein acylation","1/36","25/8255",0.04,9.17222222222222,2.70822190686262,0.103648596239229,0.399439173559643,0.393719103564461,"LOC116922836",1
"GO:0030029","GO:0030029","actin filament-based process","2/36","127/8255",0.015748031496063,3.61111111111111,1.96249861206103,0.105512041769169,0.399439173559643,0.393719103564461,"LOC116920030/LOC116925877",2
"GO:0030036","GO:0030036","actin cytoskeleton organization","2/36","127/8255",0.015748031496063,3.61111111111111,1.96249861206103,0.105512041769169,0.399439173559643,0.393719103564461,"LOC116920030/LOC116925877",2
"GO:0010506","GO:0010506","regulation of autophagy","1/36","26/8255",0.0384615384615385,8.81944444444444,2.64279230541442,0.107569452926396,0.399439173559643,0.393719103564461,"LOC116919166",1
"GO:0060341","GO:0060341","regulation of cellular localization","1/36","26/8255",0.0384615384615385,8.81944444444444,2.64279230541442,0.107569452926396,0.399439173559643,0.393719103564461,"LOC116922347",1
"GO:0046907","GO:0046907","intracellular transport","4/36","419/8255",0.00954653937947494,2.18907451604349,1.65326648480323,0.107608554109386,0.399439173559643,0.393719103564461,"LOC116925479/LOC116919850/LOC116920335/LOC116922347",4
"GO:0034620","GO:0034620","cellular response to unfolded protein","2/36","129/8255",0.0155038759689922,3.55512489233419,1.93572015277151,0.108298056184966,0.399439173559643,0.393719103564461,"LOC116930116/LOC116920358",2
"GO:0006986","GO:0006986","response to unfolded protein","2/36","131/8255",0.0152671755725191,3.5008481764207,1.90946635257736,0.111104143043333,0.399439173559643,0.393719103564461,"LOC116930116/LOC116920358",2
"GO:0031329","GO:0031329","regulation of cellular catabolic process","1/36","27/8255",0.037037037037037,8.49279835390946,2.5807906582809,0.111473633227119,0.399439173559643,0.393719103564461,"LOC116919166",1
"GO:0010629","GO:0010629","negative regulation of gene expression","2/36","133/8255",0.0150375939849624,3.44820384294068,1.88371803434814,0.113929766980925,0.399439173559643,0.393719103564461,"LOC116935383/LOC116920786",2
"GO:0035967","GO:0035967","cellular response to topologically incorrect protein","2/36","134/8255",0.0149253731343284,3.42247097844113,1.87102770889143,0.115349740057998,0.399439173559643,0.393719103564461,"LOC116930116/LOC116920358",2
"GO:0006289","GO:0006289","nucleotide-excision repair","1/36","28/8255",0.0357142857142857,8.18948412698413,2.52191235130067,0.115361206052086,0.399439173559643,0.393719103564461,"LOC116919073",1
"GO:0018105","GO:0018105","peptidyl-serine phosphorylation","1/36","28/8255",0.0357142857142857,8.18948412698413,2.52191235130067,0.115361206052086,0.399439173559643,0.393719103564461,"LOC116928976",1
"GO:0007010","GO:0007010","cytoskeleton organization","3/36","276/8255",0.0108695652173913,2.49245169082126,1.66899326165411,0.117912725179491,0.399439173559643,0.393719103564461,"LOC116920030/LOC116925877/LOC116929579",3
"GO:0035966","GO:0035966","response to topologically incorrect protein","2/36","136/8255",0.0147058823529412,3.37214052287582,1.84600379059145,0.118203681805102,0.399439173559643,0.393719103564461,"LOC116930116/LOC116920358",2
"GO:0018209","GO:0018209","peptidyl-serine modification","1/36","29/8255",0.0344827586206897,7.90708812260536,2.4658896382182,0.11923224003557,0.399439173559643,0.393719103564461,"LOC116928976",1
"GO:0042147","GO:0042147","retrograde transport, endosome to Golgi","1/36","29/8255",0.0344827586206897,7.90708812260536,2.4658896382182,0.11923224003557,0.399439173559643,0.393719103564461,"LOC116919850",1
"GO:0042157","GO:0042157","lipoprotein metabolic process","1/36","29/8255",0.0344827586206897,7.90708812260536,2.4658896382182,0.11923224003557,0.399439173559643,0.393719103564461,"LOC116922836",1
"GO:0016567","GO:0016567","protein ubiquitination","2/36","138/8255",0.0144927536231884,3.32326892109501,1.82144157577658,0.121075854084247,0.399439173559643,0.393719103564461,"LOC116919073/LOC116920587",2
"GO:0051050","GO:0051050","positive regulation of transport","1/36","30/8255",0.0333333333333333,7.64351851851852,2.41248608136968,0.123086803536509,0.399439173559643,0.393719103564461,"LOC116922347",1
"GO:0018205","GO:0018205","peptidyl-lysine modification","1/36","31/8255",0.032258064516129,7.39695340501792,2.36149198487559,0.12692496463957,0.399439173559643,0.393719103564461,"LOC116918842",1
"GO:0016482","GO:0016482","cytosolic transport","1/36","32/8255",0.03125,7.16579861111111,2.31272061738517,0.130746791156226,0.399439173559643,0.393719103564461,"LOC116919850",1
"GO:0006412","GO:0006412","translation","3/36","290/8255",0.0103448275862069,2.37212643678161,1.5742519259195,0.131426540334533,0.399439173559643,0.393719103564461,"LOC116918247/LOC116922268/LOC116920915",3
"GO:0009057","GO:0009057","macromolecule catabolic process","4/36","452/8255",0.00884955752212389,2.02925270403147,1.48947913202373,0.13202340059428,0.399439173559643,0.393719103564461,"LOC116919073/LOC116935383/LOC116920786/LOC116920587",4
"GO:0051128","GO:0051128","regulation of cellular component organization","2/36","146/8255",0.0136986301369863,3.14117199391172,1.72750106735529,0.132736751982796,0.399439173559643,0.393719103564461,"LOC116929579/LOC116920191",2
"GO:0010970","GO:0010970","transport along microtubule","1/36","33/8255",0.0303030303030303,6.9486531986532,2.2660050678622,0.134552350625809,0.399439173559643,0.393719103564461,"LOC116922347",1
"GO:0022904","GO:0022904","respiratory electron transport chain","1/36","33/8255",0.0303030303030303,6.9486531986532,2.2660050678622,0.134552350625809,0.399439173559643,0.393719103564461,"LOC116918443",1
"GO:0051648","GO:0051648","vesicle localization","1/36","33/8255",0.0303030303030303,6.9486531986532,2.2660050678622,0.134552350625809,0.399439173559643,0.393719103564461,"LOC116922347",1
"GO:0051650","GO:0051650","establishment of vesicle localization","1/36","33/8255",0.0303030303030303,6.9486531986532,2.2660050678622,0.134552350625809,0.399439173559643,0.393719103564461,"LOC116922347",1
"GO:0099111","GO:0099111","microtubule-based transport","1/36","34/8255",0.0294117647058824,6.74428104575163,2.22119561265379,0.138341710316574,0.399439173559643,0.393719103564461,"LOC116922347",1
"GO:0051726","GO:0051726","regulation of cell cycle","2/36","150/8255",0.0133333333333333,3.05740740740741,1.68291976681616,0.138663652773706,0.399439173559643,0.393719103564461,"LOC116921230/LOC116920191",2
"GO:0034655","GO:0034655","nucleobase-containing compound catabolic process","2/36","152/8255",0.0131578947368421,3.0171783625731,1.66118181398869,0.141649545341224,0.399439173559643,0.393719103564461,"LOC116935383/LOC116920786",2
"GO:0006906","GO:0006906","vesicle fusion","1/36","35/8255",0.0285714285714286,6.5515873015873,2.17815749834003,0.142114937226755,0.399439173559643,0.393719103564461,"LOC116920335",1
"GO:0090174","GO:0090174","organelle membrane fusion","1/36","35/8255",0.0285714285714286,6.5515873015873,2.17815749834003,0.142114937226755,0.399439173559643,0.393719103564461,"LOC116920335",1
"GO:0000460","GO:0000460","maturation of 5.8S rRNA","1/36","36/8255",0.0277777777777778,6.3695987654321,2.13676906487905,0.145872098085616,0.399439173559643,0.393719103564461,"LOC116918247",1
"GO:0030198","GO:0030198","extracellular matrix organization","1/36","36/8255",0.0277777777777778,6.3695987654321,2.13676906487905,0.145872098085616,0.399439173559643,0.393719103564461,"LOC116929399",1
"GO:0061025","GO:0061025","membrane fusion","1/36","36/8255",0.0277777777777778,6.3695987654321,2.13676906487905,0.145872098085616,0.399439173559643,0.393719103564461,"LOC116920335",1
"GO:0140014","GO:0140014","mitotic nuclear division","1/36","36/8255",0.0277777777777778,6.3695987654321,2.13676906487905,0.145872098085616,0.399439173559643,0.393719103564461,"LOC116920191",1
"GO:0018193","GO:0018193","peptidyl-amino acid modification","2/36","156/8255",0.0128205128205128,2.93981481481481,1.61875403487312,0.147663902730506,0.399439173559643,0.393719103564461,"LOC116918842/LOC116928976",2
"GO:0006396","GO:0006396","RNA processing","4/36","473/8255",0.00845665961945032,1.93915903218229,1.39218865119877,0.148692880382349,0.399439173559643,0.393719103564461,"LOC116936510/LOC116918247/LOC116922268/LOC116922875",4
"GO:0051649","GO:0051649","establishment of localization in cell","4/36","473/8255",0.00845665961945032,1.93915903218229,1.39218865119877,0.148692880382349,0.399439173559643,0.393719103564461,"LOC116925479/LOC116919850/LOC116920335/LOC116922347",4
"GO:0021551","GO:0021551","central nervous system morphogenesis","1/36","37/8255",0.027027027027027,6.19744744744745,2.09692014895231,0.149613259354495,0.399439173559643,0.393719103564461,"LOC116936527",1
"GO:0021556","GO:0021556","central nervous system formation","1/36","37/8255",0.027027027027027,6.19744744744745,2.09692014895231,0.149613259354495,0.399439173559643,0.393719103564461,"LOC116936527",1
"GO:0031047","GO:0031047","regulatory ncRNA-mediated gene silencing","1/36","37/8255",0.027027027027027,6.19744744744745,2.09692014895231,0.149613259354495,0.399439173559643,0.393719103564461,"LOC116935383",1
"GO:0043062","GO:0043062","extracellular structure organization","1/36","37/8255",0.027027027027027,6.19744744744745,2.09692014895231,0.149613259354495,0.399439173559643,0.393719103564461,"LOC116929399",1
"GO:0045229","GO:0045229","external encapsulating structure organization","1/36","37/8255",0.027027027027027,6.19744744744745,2.09692014895231,0.149613259354495,0.399439173559643,0.393719103564461,"LOC116929399",1
